Date,Temperature_C,Rainfall_mm,Humidity_%
20200101,20.15,0.0,76.09
20200102,20.13,0.01,79.37
20200103,17.56,36.36,92.62
20200104,18.43,2.04,83.94
20200105,16.85,6.46,87.04
20200106,14.53,0.07,82.37
20200107,14.4,0.14,80.92
20200108,15.54,0.0,79.3
20200109,15.94,0.86,83.58
20200110,16.57,0.36,84.86
20200111,14.95,0.51,87.0
20200112,15.24,0.0,85.49
20200113,15.22,0.0,82.49
20200114,16.23,0.0,80.69
20200115,17.25,0.0,82.49
20200116,18.73,0.0,76.55
20200117,19.84,0.0,76.71
20200118,20.28,0.0,74.29
20200119,19.81,0.0,79.35
20200120,16.42,0.0,82.38
20200121,14.93,0.0,74.12
20200122,14.97,0.0,72.5
20200123,16.06,0.0,74.24
20200124,15.21,0.0,72.46
20200125,15.36,0.0,67.91
20200126,14.96,0.0,72.4
20200127,15.57,0.0,71.99
20200128,17.11,0.0,69.81
20200129,17.03,0.28,74.14
20200130,18.01,0.27,78.08
20200131,18.08,1.45,79.75
20200201,16.75,0.0,70.52
20200202,16.51,0.0,66.06
20200203,15.01,0.0,65.35
20200204,15.37,0.0,66.55
20200205,16.48,0.0,67.04
20200206,17.3,0.0,65.11
20200207,17.29,0.0,62.57
20200208,17.72,0.01,65.42
20200209,18.11,0.03,68.29
20200210,16.27,0.09,63.85
20200211,16.79,0.0,63.87
20200212,16.8,0.0,61.96
20200213,17.63,0.0,56.96
20200214,18.8,0.0,63.42
20200215,19.96,0.0,75.77
20200216,20.85,0.0,68.06
20200217,20.72,0.0,62.85
20200218,21.02,0.0,60.59
20200219,21.54,0.0,59.81
20200220,21.64,0.0,56.35
20200221,21.77,0.0,61.72
20200222,22.81,0.0,57.27
20200223,24.07,0.0,55.99
20200224,23.64,0.02,60.71
20200225,21.43,0.98,69.16
20200226,21.28,1.21,71.02
20200227,21.13,0.38,70.81
20200228,21.65,0.0,59.1
20200229,22.65,0.0,56.74
20200301,23.36,0.0,57.85
20200302,23.74,0.26,55.92
20200303,23.99,12.12,60.09
20200304,23.59,16.52,68.86
20200305,24.08,2.51,67.54
20200306,23.83,11.52,70.49
20200307,23.26,3.36,74.84
20200308,23.95,1.66,73.43
20200309,23.52,0.0,58.21
20200310,23.15,0.09,50.58
20200311,23.65,0.0,54.43
20200312,25.65,0.0,58.8
20200313,26.28,0.0,58.36
20200314,25.77,0.0,59.31
20200315,24.53,0.01,60.69
20200316,25.14,0.0,58.35
20200317,24.79,0.0,54.58
20200318,25.04,0.0,51.59
20200319,25.68,0.0,45.7
20200320,25.55,0.54,48.23
20200321,26.07,0.02,46.67
20200322,25.49,7.08,57.13
20200323,24.76,0.24,57.01
20200324,26.31,0.14,50.3
20200325,26.96,0.22,51.43
20200326,28.22,0.0,47.07
20200327,28.88,0.0,47.82
20200328,29.67,0.0,48.85
20200329,29.6,0.0,47.39
20200330,29.02,0.0,36.18
20200331,28.34,0.0,35.76
20200401,29.25,0.0,36.1
20200402,29.66,0.19,60.56
20200403,29.45,6.03,64.12
20200404,28.77,5.54,63.52
20200405,28.61,3.57,64.11
20200406,28.25,2.8,59.39
20200407,28.98,3.03,59.63
20200408,30.04,0.04,61.86
20200409,29.1,0.05,63.09
20200410,29.79,0.0,56.57
20200411,29.67,4.83,58.99
20200412,28.82,2.99,54.47
20200413,28.98,7.7,55.52
20200414,30.39,0.25,57.14
20200415,29.3,9.77,68.55
20200416,28.34,10.76,67.18
20200417,28.78,15.91,72.19
20200418,28.28,11.31,76.71
20200419,29.18,8.8,72.22
20200420,28.28,15.31,75.94
20200421,26.94,16.87,78.45
20200422,26.16,2.7,73.54
20200423,27.18,11.8,72.91
20200424,25.74,30.21,80.09
20200425,26.66,13.68,78.51
20200426,26.21,13.83,84.06
20200427,26.11,17.08,80.44
20200428,25.85,18.95,81.85
20200429,25.83,15.31,82.82
20200430,27.17,9.49,79.8
20200501,27.12,11.2,79.7
20200502,27.1,9.36,81.01
20200503,26.66,21.06,84.76
20200504,27.78,10.62,79.65
20200505,28.86,7.67,80.31
20200506,28.23,35.46,79.56
20200507,28.05,9.78,73.61
20200508,27.8,5.72,74.38
20200509,28.59,19.35,76.31
20200510,29.8,14.11,72.11
20200511,29.98,2.87,71.21
20200512,29.17,0.82,76.7
20200513,28.45,1.16,81.98
20200514,28.66,12.73,82.48
20200515,28.81,14.47,82.76
20200516,29.11,12.67,84.3
20200517,29.49,24.8,81.87
20200518,29.69,0.28,81.99
20200519,28.6,2.42,78.49
20200520,27.28,21.68,84.14
20200521,27.54,60.63,87.36
20200522,28.38,9.52,84.88
20200523,29.22,2.06,84.91
20200524,29.17,27.86,87.57
20200525,28.96,17.57,87.29
20200526,28.52,9.68,86.57
20200527,28.08,81.13,89.97
20200528,27.7,25.33,86.77
20200529,27.86,22.72,86.58
20200530,28.02,18.75,87.57
20200531,28.43,7.06,84.93
20200601,28.03,8.94,89.4
20200602,28.04,9.58,90.85
20200603,27.87,8.58,89.11
20200604,28.08,37.22,90.16
20200605,27.77,22.0,91.88
20200606,27.87,17.32,93.27
20200607,28.85,15.39,86.87
20200608,28.52,18.42,88.55
20200609,29.25,6.34,84.89
20200610,28.48,19.79,90.05
20200611,27.9,12.56,94.26
20200612,28.33,6.4,91.29
20200613,28.18,46.03,95.02
20200614,28.56,8.6,92.39
20200615,28.95,6.76,91.38
20200616,28.48,14.86,90.02
20200617,27.83,39.09,94.91
20200618,27.95,18.54,92.76
20200619,28.69,17.76,90.06
20200620,28.47,20.66,91.31
20200621,28.18,8.25,91.18
20200622,28.22,3.84,89.97
20200623,28.92,6.27,89.61
20200624,29.15,6.34,89.06
20200625,29.01,3.02,90.62
20200626,28.36,14.3,93.59
20200627,28.49,27.2,90.36
20200628,27.54,8.09,91.79
20200629,28.39,8.9,87.14
20200630,28.9,4.71,88.53
20200701,28.53,7.29,89.43
20200702,28.8,3.51,90.92
20200703,29.21,2.88,88.21
20200704,28.84,10.74,89.24
20200705,28.49,9.05,91.23
20200706,28.61,5.75,91.38
20200707,28.82,7.47,91.48
20200708,28.98,4.12,89.88
20200709,28.96,21.92,91.66
20200710,29.04,23.38,91.22
20200711,28.22,35.79,93.28
20200712,28.51,27.66,90.78
20200713,29.05,7.71,89.43
20200714,28.21,14.39,90.47
20200715,28.85,6.67,88.9
20200716,28.92,5.09,87.72
20200717,28.92,3.98,88.47
20200718,28.44,11.26,92.02
20200719,28.81,26.36,90.11
20200720,27.91,40.62,94.03
20200721,27.98,43.43,93.71
20200722,27.8,44.76,91.17
20200723,27.83,14.82,90.93
20200724,28.11,8.24,91.5
20200725,28.53,2.0,88.3
20200726,29.32,1.88,86.84
20200727,28.58,13.05,91.41
20200728,28.55,22.21,89.84
20200729,28.56,21.86,89.89
20200730,28.44,1.94,90.18
20200731,29.09,2.06,87.5
20200801,29.69,3.95,86.52
20200802,29.28,7.03,89.49
20200803,30.86,6.27,80.74
20200804,28.95,15.06,89.97
20200805,28.83,8.66,89.48
20200806,28.01,2.91,92.14
20200807,28.87,7.27,90.11
20200808,28.89,5.52,89.79
20200809,28.45,4.03,91.31
20200810,28.93,2.57,89.94
20200811,28.9,9.89,90.56
20200812,29.31,9.49,89.19
20200813,29.23,2.7,87.83
20200814,29.33,7.23,86.84
20200815,27.93,17.75,90.43
20200816,27.78,8.69,92.3
20200817,27.98,17.93,91.37
20200818,28.25,6.07,90.7
20200819,27.67,3.43,91.64
20200820,26.65,15.61,93.67
20200821,26.75,9.86,93.52
20200822,27.14,22.55,91.16
20200823,27.73,10.9,90.49
20200824,28.59,18.49,87.38
20200825,27.7,11.19,92.79
20200826,27.78,2.48,90.0
20200827,27.45,7.07,92.56
20200828,28.19,15.41,88.79
20200829,28.59,9.9,88.52
20200830,28.94,5.4,88.46
20200831,28.99,7.89,88.97
20200901,28.01,27.17,90.43
20200902,27.96,25.83,88.61
20200903,28.74,3.94,85.02
20200904,29.35,3.84,84.82
20200905,29.32,1.09,86.08
20200906,28.63,2.3,89.23
20200907,28.19,7.08,89.65
20200908,28.34,8.08,88.95
20200909,28.86,2.43,86.66
20200910,28.5,16.03,89.12
20200911,28.23,16.02,89.81
20200912,28.53,11.23,89.54
20200913,28.27,17.49,90.9
20200914,28.16,7.48,90.49
20200915,28.42,8.84,89.72
20200916,27.94,5.43,92.02
20200917,28.26,15.8,90.82
20200918,29.38,1.86,83.52
20200919,29.69,2.71,85.37
20200920,30.14,1.31,85.19
20200921,28.41,24.0,90.68
20200922,27.95,19.91,94.59
20200923,27.78,23.82,94.6
20200924,27.63,19.75,94.16
20200925,27.65,42.74,94.7
20200926,27.67,37.56,93.72
20200927,27.69,8.04,91.0
20200928,28.39,1.64,86.4
20200929,28.64,0.22,86.22
20200930,28.7,1.32,84.7
20201001,28.09,12.65,89.04
20201002,27.94,23.13,90.16
20201003,28.33,11.26,89.53
20201004,27.97,8.56,89.64
20201005,27.59,11.21,90.76
20201006,26.77,48.94,90.37
20201007,27.19,16.34,88.51
20201008,28.6,17.85,80.98
20201009,29.06,0.5,84.14
20201010,29.15,0.07,85.19
20201011,29.35,3.34,82.78
20201012,29.1,8.7,82.83
20201013,29.42,6.19,80.58
20201014,29.08,6.39,84.03
20201015,29.36,0.42,81.84
20201016,29.72,0.13,77.84
20201017,29.25,0.19,81.39
20201018,28.22,1.83,86.8
20201019,28.34,0.64,82.18
20201020,27.76,2.47,86.26
20201021,26.13,26.17,94.03
20201022,25.32,39.07,94.78
20201023,25.78,106.48,95.53
20201024,26.41,5.38,92.51
20201025,26.18,3.52,88.08
20201026,26.61,0.83,84.22
20201027,25.93,0.0,86.62
20201028,26.02,0.0,84.7
20201029,27.18,0.52,83.46
20201030,28.01,1.42,84.92
20201031,26.27,29.7,93.36
20201101,25.56,17.98,88.59
20201102,26.45,9.95,87.25
20201103,27.21,3.25,86.35
20201104,24.52,0.61,79.45
20201105,22.95,0.01,70.61
20201106,20.88,0.0,72.53
20201107,21.86,0.0,73.59
20201108,23.44,0.0,77.4
20201109,24.34,0.0,81.2
20201110,23.84,0.0,82.58
20201111,23.64,0.0,83.61
20201112,24.75,0.0,78.88
20201113,24.92,0.0,83.42
20201114,24.23,0.0,84.53
20201115,23.48,0.0,83.46
20201116,23.71,0.0,82.84
20201117,23.47,0.0,83.39
20201118,23.37,0.0,76.31
20201119,22.24,0.0,80.16
20201120,22.67,0.43,84.93
20201121,23.12,4.62,85.51
20201122,20.75,1.13,78.34
20201123,18.0,0.07,77.35
20201124,19.2,0.0,79.24
20201125,20.25,0.0,83.31
20201126,20.57,0.0,86.97
20201127,20.96,0.0,84.51
20201128,20.91,0.0,87.44
20201129,20.65,0.0,87.14
20201130,20.56,0.0,84.5
20201201,21.25,0.0,83.23
20201202,21.29,0.0,79.39
20201203,21.37,0.0,76.39
20201204,20.79,0.0,77.39
20201205,20.44,0.0,77.8
20201206,20.65,0.0,78.23
20201207,19.66,0.0,86.26
20201208,19.42,0.0,85.14
20201209,19.79,0.0,80.8
20201210,19.54,0.0,82.43
20201211,18.87,0.02,84.39
20201212,18.27,0.0,85.3
20201213,19.14,0.0,82.94
20201214,18.9,0.0,84.29
20201215,17.73,0.0,86.95
20201216,18.34,0.0,83.78
20201217,18.13,0.0,85.58
20201218,16.65,0.0,81.03
20201219,13.98,0.0,78.93
20201220,14.24,0.0,80.35
20201221,16.51,0.0,79.15
20201222,17.64,0.0,76.31
20201223,17.43,1.97,78.28
20201224,17.94,0.0,79.57
20201225,17.35,0.0,85.22
20201226,16.31,0.0,81.24
20201227,15.77,0.0,79.4
20201228,16.35,0.0,78.72
20201229,16.14,0.0,80.94
20201230,16.28,0.0,78.45
20201231,17.0,0.0,81.64
20210101,17.31,0.0,80.66
20210102,17.36,0.0,80.74
20210103,17.97,0.0,78.86
20210104,18.87,0.0,76.74
20210105,19.1,0.03,79.15
20210106,20.18,0.0,78.32
20210107,21.4,0.0,73.98
20210108,20.18,0.01,78.55
20210109,19.67,0.0,77.47
20210110,20.22,0.0,78.05
20210111,21.03,0.0,79.97
20210112,19.12,0.0,81.83
20210113,16.79,0.0,74.86
20210114,15.48,0.0,70.73
20210115,15.42,1.11,70.28
20210116,15.92,0.0,73.32
20210117,16.19,0.0,75.57
20210118,17.24,0.0,78.48
20210119,17.24,0.0,78.45
20210120,18.09,1.5,86.67
20210121,18.17,0.12,71.41
20210122,16.23,0.44,72.09
20210123,16.56,0.0,69.83
20210124,17.67,0.0,68.75
20210125,16.66,0.0,75.58
20210126,16.51,0.0,71.82
20210127,15.67,0.0,69.36
20210128,15.79,0.0,68.52
20210129,16.52,0.0,69.32
20210130,15.99,0.0,64.27
20210131,14.09,0.0,58.24
20210201,14.51,0.0,62.2
20210202,14.96,0.0,61.32
20210203,16.66,0.0,64.22
20210204,18.41,0.0,65.46
20210205,19.7,0.0,61.25
20210206,20.05,0.0,60.04
20210207,18.32,0.05,67.94
20210208,18.22,0.0,61.72
20210209,18.25,0.0,59.22
20210210,19.49,0.0,52.63
20210211,20.5,0.0,50.6
20210212,20.73,0.0,50.69
20210213,20.64,0.0,53.45
20210214,21.15,0.0,52.37
20210215,21.9,0.0,48.83
20210216,21.31,0.0,50.82
20210217,21.68,0.0,52.12
20210218,23.39,0.0,53.81
20210219,23.58,0.0,57.34
20210220,22.28,0.0,57.18
20210221,22.31,0.0,49.12
20210222,21.92,0.0,48.09
20210223,22.57,0.0,47.02
20210224,23.99,0.0,44.88
20210225,24.86,0.0,48.39
20210226,24.32,0.0,58.46
20210227,24.88,0.0,61.78
20210228,25.27,0.0,61.55
20210301,26.27,0.0,63.36
20210302,26.1,0.0,59.24
20210303,25.36,0.0,54.61
20210304,24.28,0.0,38.14
20210305,24.61,0.03,60.71
20210306,26.02,1.81,72.64
20210307,25.84,2.54,66.66
20210308,25.62,3.56,70.95
20210309,26.78,1.76,67.33
20210310,27.15,5.88,66.42
20210311,27.39,0.01,65.01
20210312,28.31,0.0,58.23
20210313,27.79,2.36,55.62
20210314,26.69,0.28,55.14
20210315,26.47,1.43,51.66
20210316,27.59,0.0,41.85
20210317,27.98,0.0,34.34
20210318,28.64,0.0,31.57
20210319,28.82,0.0,38.4
20210320,28.61,0.0,40.91
20210321,29.47,0.0,44.61
20210322,30.63,0.0,37.8
20210323,30.14,0.0,38.7
20210324,30.58,0.0,39.75
20210325,29.99,0.0,36.31
20210326,29.19,0.0,34.96
20210327,28.92,0.0,31.98
20210328,29.09,0.0,32.62
20210329,30.19,0.33,51.15
20210330,30.21,4.6,60.69
20210331,30.55,3.77,66.47
20210401,29.97,4.89,63.98
20210402,29.79,0.57,60.6
20210403,30.14,0.39,55.61
20210404,29.81,4.03,49.44
20210405,29.98,1.36,45.45
20210406,29.82,5.37,41.7
20210407,29.9,0.0,56.39
20210408,30.1,0.32,59.69
20210409,30.33,3.57,58.84
20210410,30.23,5.97,53.51
20210411,31.76,0.34,50.93
20210412,32.8,0.17,46.99
20210413,32.51,0.06,41.36
20210414,31.97,0.07,44.71
20210415,30.25,0.17,56.88
20210416,29.25,0.54,53.23
20210417,28.52,16.41,62.09
20210418,28.92,20.68,62.28
20210419,30.57,2.7,53.69
20210420,30.4,2.99,59.49
20210421,30.85,0.84,62.21
20210422,30.33,11.98,61.92
20210423,30.55,1.32,51.62
20210424,31.17,0.0,39.86
20210425,30.92,0.0,46.2
20210426,32.4,0.0,48.24
20210427,32.38,0.0,52.66
20210428,32.14,0.12,53.75
20210429,31.0,1.88,55.18
20210430,31.58,2.7,50.18
20210501,31.86,0.31,52.83
20210502,31.75,1.6,53.79
20210503,28.28,11.22,71.78
20210504,26.66,28.43,77.14
20210505,26.37,11.29,74.04
20210506,28.4,3.52,64.72
20210507,29.17,10.65,66.93
20210508,29.1,7.74,67.43
20210509,29.45,4.1,65.1
20210510,29.4,16.41,68.67
20210511,28.58,26.85,75.48
20210512,28.26,13.54,74.53
20210513,28.46,12.04,75.2
20210514,28.56,17.14,77.9
20210515,30.54,8.38,71.2
20210516,30.52,25.82,73.75
20210517,31.29,9.71,72.55
20210518,30.88,15.62,76.57
20210519,30.1,4.81,81.16
20210520,30.0,3.99,82.51
20210521,29.88,4.61,79.98
20210522,30.37,1.31,79.18
20210523,31.32,0.02,73.91
20210524,29.68,3.86,80.36
20210525,29.5,36.88,81.77
20210526,28.11,13.04,81.27
20210527,28.34,5.9,81.74
20210528,30.01,7.18,80.1
20210529,30.13,2.96,78.81
20210530,30.16,3.71,79.45
20210531,28.27,47.63,91.9
20210601,28.63,24.14,89.77
20210602,28.22,16.08,89.55
20210603,29.23,2.91,86.94
20210604,29.25,3.83,87.43
20210605,28.85,37.86,91.12
20210606,29.1,40.19,89.92
20210607,28.92,18.24,90.71
20210608,28.03,16.35,93.53
20210609,27.6,22.78,90.97
20210610,27.92,12.43,86.29
20210611,27.32,20.57,91.8
20210612,27.53,20.91,92.68
20210613,28.73,3.43,88.19
20210614,28.87,9.03,88.96
20210615,28.61,10.54,89.61
20210616,28.37,7.11,88.18
20210617,27.52,10.99,88.23
20210618,27.18,31.1,89.13
20210619,27.31,36.07,89.07
20210620,26.97,10.9,90.62
20210621,27.69,17.14,90.19
20210622,27.9,7.06,88.14
20210623,28.0,3.38,87.31
20210624,28.55,5.34,87.55
20210625,28.25,3.29,87.0
20210626,28.46,6.64,88.4
20210627,28.78,2.36,87.74
20210628,28.35,14.41,89.95
20210629,28.6,15.32,90.51
20210630,28.81,42.07,90.71
20210701,28.49,40.42,91.81
20210702,27.45,37.91,91.6
20210703,28.41,24.0,91.06
20210704,29.17,12.35,84.24
20210705,29.07,8.72,88.96
20210706,28.91,28.16,89.95
20210707,28.76,19.54,91.67
20210708,28.62,6.23,89.94
20210709,28.57,0.88,88.34
20210710,28.44,4.43,88.5
20210711,29.02,15.51,85.11
20210712,29.14,4.79,83.51
20210713,28.05,6.42,90.74
20210714,28.47,2.64,87.25
20210715,28.77,1.14,85.63
20210716,27.84,8.92,87.29
20210717,28.61,6.38,88.99
20210718,27.65,10.11,90.69
20210719,27.57,13.56,92.04
20210720,28.84,30.03,85.95
20210721,28.8,5.15,86.9
20210722,28.96,22.02,87.71
20210723,27.92,6.88,92.61
20210724,28.62,22.86,90.59
20210725,28.79,8.92,89.95
20210726,29.81,2.81,87.23
20210727,29.59,8.9,89.76
20210728,28.67,8.02,92.34
20210729,27.75,16.66,91.83
20210730,28.23,16.15,90.5
20210731,28.15,11.72,90.9
20210801,27.99,20.09,90.9
20210802,28.44,9.08,89.44
20210803,28.95,19.35,88.58
20210804,28.66,18.67,88.59
20210805,29.95,11.41,82.07
20210806,28.65,28.43,92.07
20210807,28.26,37.48,92.11
20210808,29.12,8.99,89.53
20210809,29.12,12.66,88.6
20210810,29.02,9.88,91.1
20210811,29.3,5.51,90.15
20210812,28.31,22.12,91.54
20210813,27.88,21.81,89.11
20210814,28.94,11.89,88.63
20210815,28.4,16.94,91.07
20210816,28.57,4.9,86.87
20210817,28.38,9.49,89.51
20210818,27.65,14.4,94.08
20210819,27.31,5.57,92.54
20210820,27.7,4.11,90.36
20210821,28.06,1.14,87.65
20210822,28.36,5.24,85.93
20210823,28.77,15.83,89.08
20210824,28.57,13.38,91.15
20210825,28.44,16.33,91.38
20210826,28.37,6.39,90.17
20210827,27.06,22.37,93.12
20210828,27.76,8.55,90.33
20210829,27.41,4.01,91.26
20210830,27.05,12.03,91.92
20210831,28.14,3.74,88.65
20210901,27.3,7.11,92.9
20210902,27.02,10.19,91.37
20210903,28.08,0.44,81.22
20210904,29.08,2.44,80.62
20210905,29.35,6.9,84.82
20210906,28.42,13.58,89.69
20210907,27.75,7.32,91.13
20210908,27.67,4.13,88.58
20210909,28.28,5.04,86.71
20210910,27.89,6.57,90.8
20210911,28.18,18.95,88.41
20210912,28.4,1.6,88.57
20210913,27.72,2.22,92.26
20210914,27.38,6.81,92.06
20210915,28.4,8.13,88.03
20210916,27.61,15.09,91.65
20210917,27.71,8.62,89.74
20210918,26.93,10.67,91.99
20210919,27.42,20.82,88.64
20210920,26.79,3.48,92.87
20210921,26.54,2.33,91.76
20210922,26.51,2.71,90.52
20210923,28.16,1.9,82.79
20210924,28.8,0.1,80.93
20210925,28.63,8.49,83.68
20210926,28.92,17.39,85.8
20210927,28.47,8.59,87.39
20210928,27.19,9.98,90.6
20210929,26.88,6.5,90.4
20210930,27.47,12.21,87.06
20211001,27.5,0.64,77.46
20211002,27.85,3.41,84.71
20211003,27.94,9.92,90.03
20211004,27.2,20.26,94.16
20211005,27.45,16.21,85.91
20211006,27.52,23.91,82.27
20211007,28.24,7.45,82.08
20211008,28.62,17.73,83.35
20211009,28.69,7.1,81.88
20211010,28.75,5.39,83.3
20211011,28.07,0.04,86.37
20211012,27.93,1.72,90.62
20211013,28.29,2.95,88.69
20211014,28.64,2.37,83.92
20211015,29.06,1.79,85.11
20211016,28.64,1.69,86.57
20211017,27.78,11.26,89.02
20211018,26.13,24.67,94.11
20211019,26.43,22.11,93.74
20211020,26.95,22.87,91.7
20211021,25.73,0.99,86.65
20211022,24.28,5.64,76.82
20211023,24.66,0.07,76.56
20211024,25.52,0.0,74.33
20211025,24.97,1.25,80.08
20211026,25.0,0.93,78.93
20211027,25.06,1.33,81.1
20211028,25.33,0.02,82.29
20211029,25.3,0.0,84.78
20211030,24.45,0.0,86.42
20211031,23.32,0.0,83.83
20211101,22.15,0.0,76.82
20211102,21.9,0.0,76.49
20211103,22.6,0.0,81.16
20211104,22.82,0.0,79.67
20211105,21.54,0.0,80.91
20211106,21.28,0.0,78.81
20211107,21.02,0.0,82.39
20211108,20.68,0.0,82.46
20211109,21.12,0.0,83.32
20211110,21.5,0.0,81.82
20211111,22.29,0.0,78.12
20211112,23.01,0.0,81.1
20211113,22.81,0.87,88.85
20211114,22.95,6.86,90.58
20211115,22.73,6.58,90.22
20211116,22.18,3.01,88.61
20211117,21.14,0.43,82.06
20211118,21.29,0.0,74.52
20211119,21.61,0.0,76.65
20211120,22.05,0.0,80.9
20211121,22.97,0.0,79.58
20211122,23.3,0.0,79.49
20211123,22.83,0.0,82.45
20211124,21.18,0.0,83.02
20211125,19.76,0.0,72.7
20211126,18.98,0.0,73.25
20211127,19.1,0.0,72.14
20211128,19.15,0.0,70.43
20211129,18.54,0.0,76.89
20211130,20.1,0.0,75.02
20211201,21.17,0.0,76.08
20211202,21.36,0.0,75.29
20211203,21.89,0.03,79.77
20211204,22.28,1.34,84.84
20211205,21.67,7.33,92.19
20211206,21.82,80.46,94.92
20211207,22.07,14.31,88.58
20211208,20.99,0.74,87.52
20211209,21.28,0.67,82.79
20211210,19.91,1.08,83.86
20211211,18.82,1.54,81.46
20211212,16.8,0.0,75.18
20211213,16.82,0.0,77.36
20211214,17.28,0.0,82.77
20211215,17.01,0.0,83.12
20211216,16.67,0.0,81.88
20211217,16.94,0.0,79.82
20211218,17.09,0.0,77.67
20211219,16.22,0.0,84.73
20211220,14.54,0.0,80.57
20211221,16.5,0.0,83.48
20211222,17.36,0.1,84.63
20211223,17.86,0.04,77.05
20211224,17.89,0.02,79.87
20211225,18.53,0.0,73.17
20211226,18.06,0.0,73.72
20211227,18.12,0.0,71.86
20211228,18.15,0.0,76.13
20211229,17.51,0.0,80.0
20211230,18.07,0.0,79.15
20211231,17.35,0.0,82.09
20220101,17.24,0.0,80.9
20220102,16.89,0.0,81.38
20220103,17.06,0.0,81.87
20220104,16.71,0.0,80.82
20220105,16.94,0.0,75.79
20220106,17.71,0.0,75.92
20220107,18.38,0.0,78.11
20220108,18.49,0.0,82.23
20220109,19.17,0.0,80.02
20220110,19.75,0.0,80.95
20220111,19.82,0.13,81.67
20220112,19.63,3.73,85.06
20220113,18.6,5.21,83.88
20220114,17.21,0.39,76.62
20220115,17.54,0.1,73.98
20220116,16.81,0.04,77.77
20220117,16.92,0.0,77.36
20220118,17.16,0.0,79.84
20220119,18.29,0.0,73.85
20220120,17.32,0.0,79.31
20220121,17.71,0.0,65.88
20220122,18.52,0.0,63.86
20220123,18.35,0.34,72.05
20220124,17.57,4.92,85.13
20220125,18.64,2.11,78.43
20220126,18.59,1.74,75.78
20220127,17.14,4.68,77.92
20220128,14.42,0.51,72.14
20220129,14.24,0.0,73.63
20220130,15.06,0.0,70.88
20220131,16.6,0.0,62.65
20220201,17.11,0.15,74.44
20220202,18.26,0.21,64.03
20220203,18.08,0.16,70.99
20220204,18.58,11.35,78.37
20220205,17.04,12.49,75.77
20220206,15.35,13.06,71.49
20220207,14.95,0.0,70.15
20220208,16.8,0.0,64.21
20220209,18.14,0.0,62.3
20220210,18.28,0.24,73.24
20220211,18.29,0.23,73.48
20220212,16.86,0.01,64.48
20220213,16.95,0.0,66.85
20220214,17.4,0.0,67.56
20220215,18.13,0.0,63.0
20220216,18.43,0.0,59.64
20220217,18.94,0.0,55.72
20220218,19.33,0.0,52.24
20220219,19.47,0.0,52.18
20220220,18.88,1.91,70.3
20220221,19.32,1.83,69.12
20220222,20.62,1.13,61.75
20220223,21.77,0.06,63.46
20220224,22.39,0.01,68.37
20220225,22.5,1.96,72.65
20220226,22.67,0.85,72.29
20220227,23.31,0.0,60.6
20220228,23.78,0.4,63.96
20220301,23.24,0.09,58.92
20220302,22.54,0.0,55.38
20220303,23.25,0.0,51.88
20220304,23.71,0.0,49.15
20220305,23.86,0.0,52.32
20220306,24.28,0.0,50.77
20220307,24.58,0.0,54.25
20220308,25.18,0.0,49.3
20220309,25.26,0.0,51.2
20220310,24.97,0.0,46.04
20220311,25.07,0.0,46.16
20220312,25.23,0.0,44.19
20220313,25.46,0.0,47.45
20220314,26.03,0.0,48.71
20220315,26.84,0.0,45.58
20220316,27.21,0.0,44.58
20220317,28.08,0.0,48.54
20220318,28.2,0.0,45.9
20220319,28.08,0.0,46.59
20220320,27.01,0.0,54.08
20220321,26.6,0.0,56.86
20220322,28.38,0.0,59.49
20220323,29.83,0.0,48.92
20220324,29.28,0.21,55.27
20220325,28.81,0.63,67.92
20220326,29.17,2.64,69.37
20220327,28.92,1.31,67.59
20220328,28.47,2.91,65.87
20220329,28.18,6.09,70.44
20220330,28.29,4.89,71.27
20220331,29.58,1.21,67.78
20220401,29.86,1.96,67.52
20220402,29.43,2.94,67.86
20220403,29.27,0.68,66.12
20220404,29.71,1.29,63.43
20220405,29.42,3.88,64.99
20220406,29.55,2.32,65.61
20220407,30.71,0.0,58.22
20220408,30.65,0.0,49.45
20220409,30.62,0.23,56.61
20220410,30.56,3.43,60.51
20220411,31.1,2.4,62.27
20220412,30.78,3.42,64.45
20220413,31.17,3.22,62.14
20220414,31.2,1.64,62.01
20220415,32.0,0.56,59.08
20220416,30.88,1.05,66.46
20220417,31.1,1.55,61.53
20220418,31.2,1.87,61.57
20220419,31.07,6.48,63.01
20220420,28.85,13.63,69.95
20220421,28.39,8.56,68.11
20220422,29.79,7.62,67.83
20220423,29.5,22.72,74.02
20220424,30.51,12.45,69.77
20220425,31.24,0.72,66.14
20220426,31.51,2.21,66.83
20220427,31.0,7.05,69.01
20220428,31.63,0.59,64.57
20220429,32.1,1.25,61.99
20220430,31.26,3.3,64.42
20220501,31.51,0.57,57.07
20220502,31.03,1.82,58.1
20220503,29.41,11.52,67.62
20220504,28.3,12.6,72.1
20220505,28.85,7.92,72.23
20220506,29.45,13.67,69.08
20220507,30.74,4.54,60.97
20220508,30.63,1.97,62.8
20220509,29.23,8.41,72.47
20220510,27.94,18.99,82.0
20220511,28.56,32.29,83.72
20220512,29.44,17.57,80.9
20220513,29.09,45.1,84.59
20220514,29.52,22.6,83.8
20220515,29.79,3.11,82.72
20220516,28.94,2.85,86.06
20220517,28.61,16.13,87.15
20220518,27.65,19.02,86.83
20220519,29.14,27.61,84.92
20220520,28.54,27.51,86.26
20220521,27.96,50.49,91.03
20220522,28.42,12.27,84.68
20220523,28.51,17.29,83.57
20220524,29.11,4.35,80.43
20220525,28.99,4.95,82.04
20220526,28.74,16.71,80.74
20220527,28.68,8.77,82.61
20220528,28.79,6.64,81.84
20220529,28.16,22.87,87.39
20220530,27.53,16.89,89.3
20220531,27.96,8.46,86.61
20220601,28.1,6.48,88.54
20220602,28.6,4.77,84.61
20220603,28.09,8.43,89.68
20220604,27.97,19.18,87.43
20220605,28.22,7.71,87.2
20220606,28.65,7.86,87.19
20220607,29.02,16.08,86.04
20220608,28.75,22.04,88.69
20220609,28.39,34.68,92.1
20220610,27.18,41.26,88.04
20220611,28.11,0.82,88.55
20220612,28.7,4.73,89.17
20220613,29.15,7.96,89.72
20220614,28.56,10.42,91.92
20220615,27.86,7.5,93.02
20220616,27.3,17.99,92.6
20220617,27.17,49.39,93.91
20220618,27.29,53.5,91.57
20220619,26.88,26.07,93.35
20220620,27.13,19.8,92.36
20220621,26.97,14.53,92.45
20220622,27.7,2.83,86.89
20220623,27.94,14.93,89.49
20220624,27.56,3.01,92.03
20220625,27.97,3.26,89.47
20220626,27.95,4.17,89.99
20220627,28.47,2.48,87.83
20220628,28.31,4.62,89.08
20220629,28.0,8.25,90.47
20220630,27.84,13.82,91.22
20220701,28.58,4.55,88.95
20220702,28.29,3.37,88.98
20220703,28.29,6.55,89.58
20220704,28.38,7.25,88.93
20220705,28.73,0.92,87.29
20220706,27.62,22.11,91.9
20220707,28.14,2.01,88.85
20220708,28.05,2.48,89.14
20220709,27.76,1.0,88.64
20220710,28.43,1.87,88.27
20220711,27.83,3.1,89.44
20220712,28.63,1.05,86.34
20220713,29.11,1.65,86.69
20220714,29.1,3.53,87.71
20220715,28.91,10.59,87.7
20220716,29.06,2.51,86.89
20220717,29.15,6.41,87.25
20220718,28.82,2.05,86.86
20220719,28.61,4.75,88.09
20220720,28.62,8.51,90.2
20220721,28.73,3.11,87.33
20220722,29.0,1.43,87.52
20220723,28.0,14.77,90.21
20220724,27.4,3.91,90.07
20220725,27.02,13.61,87.2
20220726,28.0,5.84,82.72
20220727,28.56,2.91,83.98
20220728,28.2,8.97,85.73
20220729,27.84,10.41,83.11
20220730,29.11,4.74,86.48
20220731,28.41,8.34,87.97
20220801,29.03,19.94,88.28
20220802,29.49,9.14,85.52
20220803,28.21,7.09,88.84
20220804,28.95,18.46,84.51
20220805,29.25,12.77,86.92
20220806,28.64,26.35,88.57
20220807,29.65,13.73,84.46
20220808,28.03,7.72,90.62
20220809,28.17,3.41,88.7
20220810,27.58,1.53,90.86
20220811,28.05,1.85,89.26
20220812,28.87,1.0,85.36
20220813,27.85,9.62,91.16
20220814,27.63,17.9,89.06
20220815,28.22,13.41,88.7
20220816,28.96,3.77,85.46
20220817,29.78,4.45,82.43
20220818,30.37,3.89,81.56
20220819,28.55,13.6,86.25
20220820,28.07,21.35,87.84
20220821,28.27,10.25,87.7
20220822,28.96,1.68,85.66
20220823,28.23,22.87,88.81
20220824,27.91,5.51,87.84
20220825,28.35,3.85,83.87
20220826,28.61,0.85,87.04
20220827,27.63,3.54,90.49
20220828,27.88,6.99,88.09
20220829,28.54,2.98,85.25
20220830,29.07,6.41,80.51
20220831,28.73,2.43,85.88
20220901,27.33,9.67,86.93
20220902,28.0,10.08,87.9
20220903,28.88,23.78,88.34
20220904,28.84,28.11,89.39
20220905,28.46,12.91,90.41
20220906,28.53,15.83,86.38
20220907,28.6,8.98,84.5
20220908,30.22,4.29,80.01
20220909,28.83,16.36,86.09
20220910,27.42,9.86,90.69
20220911,27.18,19.42,90.13
20220912,26.91,14.13,94.28
20220913,27.1,39.0,94.06
20220914,27.36,44.14,89.83
20220915,27.74,25.95,90.18
20220916,27.88,12.38,89.32
20220917,28.5,1.94,86.38
20220918,28.82,1.67,87.36
20220919,27.99,15.07,89.28
20220920,27.81,3.16,89.77
20220921,27.69,3.35,90.34
20220922,27.66,3.27,90.49
20220923,27.68,2.46,88.96
20220924,27.33,2.58,90.0
20220925,27.98,6.24,84.21
20220926,27.95,3.49,86.78
20220927,27.39,13.3,90.77
20220928,26.89,3.33,83.81
20220929,28.33,1.33,80.72
20220930,29.05,0.71,79.61
20221001,29.24,7.12,82.48
20221002,27.34,34.93,92.94
20221003,26.62,21.14,94.55
20221004,27.59,12.19,88.91
20221005,27.44,10.22,89.32
20221006,27.48,2.15,88.98
20221007,28.02,2.09,80.96
20221008,27.8,1.41,84.24
20221009,27.24,6.19,89.28
20221010,27.11,7.11,89.91
20221011,27.08,12.47,91.66
20221012,26.47,8.18,92.3
20221013,26.74,8.06,89.07
20221014,27.22,11.08,86.33
20221015,26.5,1.38,86.21
20221016,26.31,2.1,84.44
20221017,26.94,1.04,83.76
20221018,27.14,0.46,81.99
20221019,26.32,0.13,83.33
20221020,26.32,0.04,83.97
20221021,26.47,0.0,83.4
20221022,26.47,0.0,81.42
20221023,24.71,14.51,89.84
20221024,22.86,144.77,94.57
20221025,23.39,12.64,87.14
20221026,24.3,3.6,81.75
20221027,24.19,0.0,77.0
20221028,23.56,0.0,74.74
20221029,24.31,0.08,73.48
20221030,25.13,2.99,80.15
20221031,26.1,0.04,84.25
20221101,25.91,0.0,83.41
20221102,25.4,0.0,85.2
20221103,24.22,0.0,83.06
20221104,24.06,0.0,75.7
20221105,25.5,0.02,73.19
20221106,25.32,3.08,73.59
20221107,24.42,0.01,70.98
20221108,23.92,0.0,69.41
20221109,23.25,0.0,75.47
20221110,23.2,0.0,74.32
20221111,22.92,0.0,76.38
20221112,23.37,0.0,76.38
20221113,21.5,0.0,81.52
20221114,21.61,0.04,75.01
20221115,22.34,0.0,74.78
20221116,22.38,0.0,77.89
20221117,22.01,0.0,78.69
20221118,21.05,0.0,77.25
20221119,21.0,0.0,76.69
20221120,22.2,0.07,74.56
20221121,20.78,0.92,81.95
20221122,19.88,0.0,83.44
20221123,19.97,0.0,85.49
20221124,20.46,0.0,83.27
20221125,21.69,0.0,78.53
20221126,21.86,0.0,74.1
20221127,21.65,0.0,73.29
20221128,21.21,0.0,77.4
20221129,22.29,0.0,76.56
20221130,22.14,0.0,78.74
20221201,20.71,0.0,81.91
20221202,20.22,0.0,84.02
20221203,20.18,0.0,81.1
20221204,20.46,0.0,77.46
20221205,20.51,0.0,80.45
20221206,20.27,0.0,81.58
20221207,19.7,0.0,82.31
20221208,20.11,0.0,78.79
20221209,20.49,0.0,72.31
20221210,20.73,0.0,68.68
20221211,19.89,0.0,76.13
20221212,19.27,0.0,77.3
20221213,19.25,0.0,76.24
20221214,19.51,0.0,76.53
20221215,18.71,0.0,76.25
20221216,17.6,0.0,77.78
20221217,18.72,0.0,75.04
20221218,19.58,0.0,71.02
20221219,20.02,0.0,66.7
20221220,19.99,0.0,72.95
20221221,19.0,0.0,79.27
20221222,19.14,0.0,74.99
20221223,18.33,0.0,69.09
20221224,18.68,0.0,61.47
20221225,19.74,0.08,64.87
20221226,20.57,0.31,73.14
20221227,20.57,6.78,80.49
20221228,18.13,0.97,80.16
20221229,15.79,0.0,70.79
20221230,16.84,0.0,67.63
20221231,16.94,0.0,70.37
20230101,16.74,0.0,73.99
20230102,17.14,0.0,72.81
20230103,16.93,0.0,77.01
20230104,15.86,0.0,80.78
20230105,15.93,0.0,78.54
20230106,16.3,0.03,78.24
20230107,17.1,0.0,79.76
20230108,17.98,0.0,75.84
20230109,18.62,0.0,73.05
20230110,18.53,0.0,71.19
20230111,17.0,0.0,67.41
20230112,16.02,0.0,67.29
20230113,17.87,0.0,61.69
20230114,18.62,0.0,69.78
20230115,18.46,0.0,73.58
20230116,17.22,0.0,70.39
20230117,16.37,0.0,69.68
20230118,15.62,0.0,63.02
20230119,14.99,0.0,61.4
20230120,15.66,0.0,63.48
20230121,17.03,9.44,66.06
20230122,17.88,0.0,63.02
20230123,18.58,0.0,68.56
20230124,19.39,0.0,69.04
20230125,20.27,0.0,66.98
20230126,21.03,0.0,66.96
20230127,21.22,0.0,70.82
20230128,21.01,0.0,71.98
20230129,19.89,0.0,68.0
20230130,20.93,0.0,66.14
20230131,21.6,0.0,69.72
20230201,21.06,0.0,61.41
20230202,18.55,0.0,57.11
20230203,18.62,0.0,62.69
20230204,18.95,0.0,61.52
20230205,19.93,0.0,51.8
20230206,21.01,0.0,46.34
20230207,20.88,0.0,53.29
20230208,21.67,0.0,72.01
20230209,21.89,0.0,69.58
20230210,21.15,0.0,57.04
20230211,21.87,0.0,49.84
20230212,21.96,0.0,62.94
20230213,19.42,0.0,41.8
20230214,19.71,0.0,40.32
20230215,20.07,0.0,42.87
20230216,21.53,0.0,41.65
20230217,22.16,0.0,49.84
20230218,23.17,0.0,51.3
20230219,23.81,0.0,49.94
20230220,24.36,0.0,55.6
20230221,24.6,0.0,65.66
20230222,25.3,0.17,69.86
20230223,25.11,1.39,69.33
20230224,24.76,1.48,68.2
20230225,24.53,0.46,54.61
20230226,24.74,1.02,42.66
20230227,24.75,0.0,39.46
20230228,24.03,0.0,43.83
20230301,23.99,0.0,47.14
20230302,25.39,0.0,45.87
20230303,25.88,0.0,42.69
20230304,27.26,0.0,39.86
20230305,27.19,0.0,42.32
20230306,27.65,0.0,37.93
20230307,26.71,0.0,37.12
20230308,26.51,0.0,36.72
20230309,26.89,0.0,41.27
20230310,25.39,0.0,43.35
20230311,27.37,0.0,40.76
20230312,27.26,0.02,41.58
20230313,27.83,0.02,40.27
20230314,28.11,0.05,40.97
20230315,27.27,1.54,58.81
20230316,25.75,4.39,69.33
20230317,24.96,1.34,67.36
20230318,25.72,6.5,63.58
20230319,23.59,11.74,77.2
20230320,23.12,11.62,78.96
20230321,24.28,14.17,72.82
20230322,24.91,7.9,68.3
20230323,25.44,1.43,66.18
20230324,25.64,2.15,67.31
20230325,26.23,7.0,66.08
20230326,27.47,3.04,66.39
20230327,27.65,2.33,64.88
20230328,27.83,1.73,64.51
20230329,26.92,13.0,70.47
20230330,26.26,11.5,71.76
20230331,25.54,29.0,81.0
20230401,23.99,41.44,86.11
20230402,24.91,8.11,75.31
20230403,25.89,6.02,72.5
20230404,27.3,2.32,72.67
20230405,27.87,2.72,77.0
20230406,28.24,1.3,66.71
20230407,28.52,2.3,56.14
20230408,29.4,0.0,49.12
20230409,29.64,0.84,47.7
20230410,29.54,3.36,51.42
20230411,29.71,0.0,56.57
20230412,30.07,0.0,53.09
20230413,29.97,0.0,46.98
20230414,30.8,0.0,58.1
20230415,31.16,0.0,55.57
20230416,31.06,0.0,56.8
20230417,30.99,0.0,65.94
20230418,31.47,0.0,65.96
20230419,31.2,0.05,66.43
20230420,31.45,0.89,65.7
20230421,30.93,4.32,67.84
20230422,30.14,2.76,63.12
20230423,27.74,5.57,71.35
20230424,28.8,0.04,58.43
20230425,29.27,0.28,55.96
20230426,30.16,0.02,50.01
20230427,30.99,0.16,50.04
20230428,29.58,7.59,55.88
20230429,29.93,6.73,60.31
20230430,29.2,8.71,64.36
20230501,28.53,1.43,64.46
20230502,29.56,0.4,58.38
20230503,29.7,3.85,59.44
20230504,28.67,18.86,71.17
20230505,28.57,15.12,73.06
20230506,29.7,3.41,68.99
20230507,30.46,6.24,62.45
20230508,31.26,0.0,51.55
20230509,31.74,0.0,49.89
20230510,32.05,0.04,59.52
20230511,31.92,1.57,61.73
20230512,30.92,8.38,62.01
20230513,31.25,0.08,57.86
20230514,29.27,0.11,60.18
20230515,29.63,0.3,57.31
20230516,30.4,10.12,68.32
20230517,28.96,28.32,80.97
20230518,28.17,50.34,85.14
20230519,28.07,11.49,84.03
20230520,29.1,4.07,80.04
20230521,28.71,10.55,80.62
20230522,28.34,22.85,85.26
20230523,27.86,25.04,88.33
20230524,27.16,42.13,86.04
20230525,27.23,4.83,84.84
20230526,28.37,9.41,83.06
20230527,28.17,10.67,82.52
20230528,28.81,10.46,74.91
20230529,29.78,0.27,70.47
20230530,30.94,0.0,66.88
20230531,31.69,0.0,69.61
20230601,30.41,0.04,79.51
20230602,30.3,0.27,79.94
20230603,30.21,1.78,80.24
20230604,30.18,0.34,79.44
20230605,30.19,0.1,75.97
20230606,30.45,0.0,74.13
20230607,30.98,0.21,75.45
20230608,30.94,5.78,72.69
20230609,28.78,39.21,83.47
20230610,29.42,22.33,80.7
20230611,29.45,11.28,84.54
20230612,28.43,16.6,90.67
20230613,29.48,14.06,86.82
20230614,29.11,14.9,90.01
20230615,28.98,21.88,90.51
20230616,29.21,35.34,89.14
20230617,28.86,24.24,91.77
20230618,28.72,28.42,91.39
20230619,28.24,26.08,92.15
20230620,28.5,10.98,89.46
20230621,28.37,13.68,93.47
20230622,28.02,6.29,90.34
20230623,28.64,4.96,86.87
20230624,28.69,9.31,87.46
20230625,28.26,2.49,86.68
20230626,28.0,4.75,87.93
20230627,27.98,22.8,90.4
20230628,28.21,38.24,89.81
20230629,28.31,44.4,90.84
20230630,28.33,33.16,91.41
20230701,29.28,57.04,88.55
20230702,28.7,37.61,91.02
20230703,29.2,17.73,89.87
20230704,29.55,2.89,86.98
20230705,29.28,23.56,87.87
20230706,28.53,11.03,90.62
20230707,28.44,16.86,92.08
20230708,28.4,7.55,90.11
20230709,29.02,3.68,87.49
20230710,29.23,4.47,88.9
20230711,28.93,7.01,89.31
20230712,28.17,5.01,89.38
20230713,28.37,5.29,91.3
20230714,28.55,24.34,90.24
20230715,28.56,6.39,88.99
20230716,27.95,4.13,90.7
20230717,28.0,4.5,91.27
20230718,28.87,1.96,87.96
20230719,29.19,4.54,88.05
20230720,29.11,1.55,88.49
20230721,29.14,2.62,84.65
20230722,28.73,5.27,88.86
20230723,29.23,2.78,87.1
20230724,29.84,0.78,84.86
20230725,29.17,1.84,84.86
20230726,28.68,6.51,89.27
20230727,29.24,5.59,87.86
20230728,29.24,8.32,87.54
20230729,29.34,8.32,87.52
20230730,30.09,0.66,83.04
20230731,31.56,5.33,76.9
20230801,30.51,21.15,83.75
20230802,28.64,8.42,89.06
20230803,28.74,10.99,90.02
20230804,28.71,20.78,89.39
20230805,28.55,10.39,88.69
20230806,28.15,42.3,90.41
20230807,28.66,66.88,91.61
20230808,28.3,41.08,91.2
20230809,28.35,21.71,90.52
20230810,28.37,4.22,88.87
20230811,28.22,20.74,90.68
20230812,28.01,25.47,92.37
20230813,27.75,34.89,85.67
20230814,28.09,7.03,82.28
20230815,28.94,15.22,86.55
20230816,29.3,23.9,88.58
20230817,28.84,10.46,88.46
20230818,28.68,2.93,89.75
20230819,28.3,4.97,91.04
20230820,28.74,1.91,88.22
20230821,28.21,2.69,89.64
20230822,27.84,6.2,92.54
20230823,28.19,15.1,89.94
20230824,28.16,18.28,91.84
20230825,28.26,8.64,90.85
20230826,28.45,29.84,90.45
20230827,28.69,12.98,89.86
20230828,29.38,8.19,87.29
20230829,29.79,2.62,81.42
20230830,29.76,0.33,79.26
20230831,29.36,3.85,82.14
20230901,29.38,5.62,85.87
20230902,29.96,8.73,83.94
20230903,28.73,23.51,90.1
20230904,27.66,26.27,89.88
20230905,29.37,13.97,85.42
20230906,29.23,2.12,87.64
20230907,28.25,18.44,90.02
20230908,27.63,12.72,93.81
20230909,28.88,0.83,86.14
20230910,29.15,4.88,86.33
20230911,29.03,4.55,83.37
20230912,29.12,22.54,87.09
20230913,28.33,5.8,88.93
20230914,27.91,3.62,90.95
20230915,28.12,1.8,89.89
20230916,28.65,0.59,85.83
20230917,29.89,0.9,82.07
20230918,28.16,15.42,89.89
20230919,27.77,17.54,90.76
20230920,27.56,14.88,93.17
20230921,27.48,26.17,94.38
20230922,27.69,23.32,91.98
20230923,27.9,16.07,90.81
20230924,27.87,9.71,90.69
20230925,28.36,8.5,89.53
20230926,29.43,11.62,81.28
20230927,28.62,7.32,83.13
20230928,29.19,0.25,84.38
20230929,28.48,3.92,91.82
20230930,28.03,7.32,90.96
20231001,27.96,5.26,90.34
20231002,27.42,4.29,92.82
20231003,27.66,10.21,91.05
20231004,26.77,18.44,93.54
20231005,26.97,59.59,95.67
20231006,27.4,99.25,92.4
20231007,27.94,24.04,91.65
20231008,28.57,3.25,87.53
20231009,28.34,4.91,89.4
20231010,28.93,0.92,78.98
20231011,28.58,2.28,79.97
20231012,28.65,2.86,76.83
20231013,28.27,7.11,70.52
20231014,27.35,0.93,71.3
20231015,27.17,0.05,74.79
20231016,26.68,0.01,78.43
20231017,26.69,0.15,71.69
20231018,26.07,1.83,76.7
20231019,25.32,0.3,84.02
20231020,24.81,0.0,84.75
20231021,25.17,0.0,77.12
20231022,25.16,0.58,74.11
20231023,25.76,2.36,81.94
20231024,24.9,12.21,90.28
20231025,25.81,3.3,85.15
20231026,26.04,3.82,82.22
20231027,24.97,1.51,82.59
20231028,23.59,0.0,79.87
20231029,23.74,0.0,75.24
20231030,25.1,0.0,73.27
20231031,25.33,0.0,78.17
20231101,24.98,0.0,79.02
20231102,24.91,0.0,82.35
20231103,24.9,0.0,81.05
20231104,25.31,0.0,74.1
20231105,24.22,0.65,80.51
20231106,22.62,0.0,81.51
20231107,22.38,0.0,81.77
20231108,22.41,0.0,81.88
20231109,22.47,0.0,82.18
20231110,22.6,0.0,79.49
20231111,22.78,0.0,78.99
20231112,22.95,0.0,78.31
20231113,23.15,0.0,77.3
20231114,23.57,0.0,73.75
20231115,23.64,0.0,72.38
20231116,23.32,11.36,85.06
20231117,22.71,72.62,92.98
20231118,22.48,7.06,86.99
20231119,23.42,5.32,83.56
20231120,23.56,0.0,82.41
20231121,23.43,0.02,80.69
20231122,21.66,0.03,83.26
20231123,21.0,0.0,78.17
20231124,22.28,0.0,72.76
20231125,21.97,0.0,74.11
20231126,21.86,0.0,76.4
20231127,22.39,0.0,81.84
20231128,23.61,0.0,75.85
20231129,22.75,0.0,78.77
20231130,22.19,0.0,81.34
20231201,22.25,0.0,76.24
20231202,22.37,0.0,75.57
20231203,22.52,0.0,80.11
20231204,22.23,0.0,81.13
20231205,22.39,0.04,78.42
20231206,21.98,2.42,82.72
20231207,20.7,18.85,92.96
20231208,20.94,37.55,91.54
20231209,19.95,4.68,88.8
20231210,18.52,0.0,81.56
20231211,18.17,0.0,82.31
20231212,18.78,0.05,80.87
20231213,18.0,0.0,80.32
20231214,17.02,0.0,68.91
20231215,16.52,0.0,73.59
20231216,17.33,0.0,77.47
20231217,18.04,0.0,75.18
20231218,17.83,0.0,80.85
20231219,18.04,0.0,82.69
20231220,18.59,0.0,78.8
20231221,19.09,0.0,76.43
20231222,19.63,0.0,82.13
20231223,19.81,0.0,83.76
20231224,20.35,0.04,76.71
20231225,20.33,0.06,72.21
20231226,19.76,0.0,75.77
20231227,20.23,0.0,75.65
20231228,20.15,0.0,75.9
20231229,20.05,0.04,75.17
20231230,20.33,0.15,72.98
20231231,18.61,0.0,81.7
20240101,17.93,0.01,82.59
20240102,16.97,0.8,83.71
20240103,17.18,0.0,78.79
20240104,17.02,0.0,80.55
20240105,17.14,0.0,79.4
20240106,17.72,0.0,79.09
20240107,17.98,0.0,79.22
20240108,17.63,0.0,82.54
20240109,16.65,0.0,80.49
20240110,16.43,0.0,76.28
20240111,16.27,0.0,80.2
20240112,15.22,0.0,81.03
20240113,15.43,0.0,80.44
20240114,15.89,0.0,77.33
20240115,16.16,0.0,79.18
20240116,15.68,0.0,78.05
20240117,15.83,0.0,74.3
20240118,16.36,0.16,74.12
20240119,17.47,0.24,76.35
20240120,15.71,23.03,80.02
20240121,14.54,0.04,75.8
20240122,13.92,0.0,71.01
20240123,14.94,0.0,75.46
20240124,15.84,2.35,76.25
20240125,16.08,0.17,72.77
20240126,15.04,0.28,70.4
20240127,14.64,0.0,72.61
20240128,14.87,0.0,69.19
20240129,16.1,0.0,66.0
20240130,17.68,0.0,58.66
20240131,19.22,0.13,66.53
20240201,20.2,0.45,74.65
20240202,19.93,1.02,80.12
20240203,19.14,0.03,68.65
20240204,18.56,0.03,57.59
20240205,19.71,0.0,60.9
20240206,20.04,0.0,72.2
20240207,19.5,0.0,71.86
20240208,17.48,0.0,54.29
20240209,16.42,0.0,59.93
20240210,17.54,0.0,65.66
20240211,18.52,0.0,65.11
20240212,19.82,0.0,57.28
20240213,20.82,0.0,53.5
20240214,21.66,0.0,60.8
20240215,22.01,0.23,70.64
20240216,21.49,0.0,71.68
20240217,20.78,0.2,60.58
20240218,21.26,0.0,49.02
20240219,21.26,0.0,46.54
20240220,22.42,0.0,65.52
20240221,24.65,0.78,72.26
20240222,24.83,19.97,77.89
20240223,23.12,7.81,66.8
20240224,22.12,1.57,63.53
20240225,20.82,1.54,60.41
20240226,20.54,2.34,60.51
20240227,21.57,0.0,53.56
20240228,22.81,0.0,50.74
20240229,22.81,0.0,56.47
20240301,22.18,0.0,52.84
20240302,22.5,0.0,49.16
20240303,24.0,0.01,48.57
20240304,23.49,1.09,57.07
20240305,23.98,1.14,62.05
20240306,22.99,0.0,45.73
20240307,23.25,0.0,40.27
20240308,23.67,0.0,41.22
20240309,23.63,0.0,36.85
20240310,23.01,0.0,38.09
20240311,22.88,0.0,45.63
20240312,25.3,0.0,45.33
20240313,25.89,0.0,62.1
20240314,26.57,2.36,70.6
20240315,27.55,4.51,64.5
20240316,27.13,5.91,62.64
20240317,27.74,1.35,54.17
20240318,28.28,0.97,49.58
20240319,27.89,1.21,53.08
20240320,24.5,8.05,64.58
20240321,23.94,3.11,66.51
20240322,24.02,4.61,67.32
20240323,24.61,8.67,70.72
20240324,26.45,13.54,74.2
20240325,26.2,10.08,75.05
20240326,26.66,11.95,71.73
20240327,27.23,0.09,63.5
20240328,27.18,1.82,66.45
20240329,26.91,3.89,69.66
20240330,27.58,11.93,76.71
20240331,28.63,17.01,76.55
20240401,28.41,25.61,73.05
20240402,28.88,0.35,69.25
20240403,29.15,1.1,65.67
20240404,29.31,0.74,72.05
20240405,29.33,0.72,74.71
20240406,30.38,0.13,65.07
20240407,29.73,3.78,69.6
20240408,29.04,0.12,55.83
20240409,29.34,0.0,50.76
20240410,29.63,0.0,48.73
20240411,28.88,0.0,50.64
20240412,29.96,0.0,48.21
20240413,29.74,0.0,50.56
20240414,30.58,0.0,48.85
20240415,31.32,0.01,48.7
20240416,31.43,1.38,56.36
20240417,30.87,6.58,66.77
20240418,30.75,7.51,69.97
20240419,31.27,3.72,65.04
20240420,31.72,3.13,60.99
20240421,31.9,0.3,62.32
20240422,32.09,1.21,61.93
20240423,31.32,0.63,58.69
20240424,32.15,0.0,52.86
20240425,32.86,0.09,53.97
20240426,32.64,0.29,56.29
20240427,32.37,1.83,60.45
20240428,33.08,1.19,59.34
20240429,33.14,1.52,57.23
20240430,33.55,0.08,58.62
20240501,33.11,1.17,58.65
20240502,31.92,6.5,66.03
20240503,31.73,2.59,59.77
20240504,31.26,5.94,64.68
20240505,29.89,25.11,76.19
20240506,29.04,28.48,81.39
20240507,27.68,14.28,77.52
20240508,26.5,26.34,74.54
20240509,27.94,3.08,68.05
20240510,28.05,8.96,70.67
20240511,27.47,36.95,82.19
20240512,28.59,3.43,73.73
20240513,29.33,0.34,71.45
20240514,29.86,1.09,72.57
20240515,30.23,0.18,73.58
20240516,30.46,0.06,71.17
20240517,30.45,0.1,70.22
20240518,29.85,15.48,79.3
20240519,29.79,9.12,79.33
20240520,29.56,6.28,76.71
20240521,30.69,4.58,69.07
20240522,31.32,8.22,68.75
20240523,31.9,1.81,66.31
20240524,32.8,1.15,66.65
20240525,32.31,0.58,71.3
20240526,30.23,39.02,83.1
20240527,28.47,48.04,89.48
20240528,27.85,130.72,89.78
20240529,29.92,7.05,89.77
20240530,29.75,8.31,89.74
20240531,29.58,4.95,87.73
20240601,29.78,1.94,84.41
20240602,29.44,14.08,87.25
20240603,28.55,38.66,89.48
20240604,28.71,21.42,89.4
20240605,29.44,15.22,85.9
20240606,29.54,29.86,87.61
20240607,30.07,13.86,85.05
20240608,29.56,18.53,88.77
20240609,29.11,28.76,92.22
20240610,29.07,9.26,92.41
20240611,29.21,2.12,89.01
20240612,29.09,5.29,86.55
20240613,29.03,22.35,90.35
20240614,29.04,21.22,92.1
20240615,29.48,16.01,90.53
20240616,29.85,5.59,89.57
20240617,29.19,10.32,92.54
20240618,29.27,17.93,91.08
20240619,28.74,43.58,93.66
20240620,28.43,6.36,89.86
20240621,29.04,7.22,83.86
20240622,28.81,8.97,87.05
20240623,29.45,4.67,86.0
20240624,29.27,2.52,88.08
20240625,29.23,0.75,87.84
20240626,30.27,7.07,82.8
20240627,28.45,9.15,90.74
20240628,28.72,13.89,90.68
20240629,28.75,20.36,91.21
20240630,28.52,111.13,94.9
20240701,28.09,46.61,94.54
20240702,28.4,33.07,91.79
20240703,28.53,20.61,90.39
20240704,28.06,21.55,91.39
20240705,28.38,14.37,91.58
20240706,28.49,4.53,88.86
20240707,29.13,6.19,88.77
20240708,28.81,4.07,88.41
20240709,28.97,4.16,89.65
20240710,29.39,6.97,89.33
20240711,29.16,25.75,89.95
20240712,28.85,53.99,90.13
20240713,29.15,10.99,88.53
20240714,29.51,3.94,87.3
20240715,29.19,4.3,89.24
20240716,29.04,7.49,89.97
20240717,28.75,1.04,87.84
20240718,29.97,1.22,84.21
20240719,29.62,6.68,87.56
20240720,29.14,6.04,88.68
20240721,28.57,6.57,90.52
20240722,28.58,8.26,90.69
20240723,28.72,4.48,89.11
20240724,28.99,5.11,90.32
20240725,29.54,5.94,88.2
20240726,29.93,5.63,87.65
20240727,29.53,2.24,87.72
20240728,29.56,1.92,87.32
20240729,29.25,4.49,87.74
20240730,28.9,8.7,90.66
20240731,29.03,7.74,89.57
20240801,27.94,55.9,91.87
20240802,27.32,72.33,93.85
20240803,28.09,28.88,91.99
20240804,28.67,12.4,87.93
20240805,28.14,18.98,89.85
20240806,28.06,6.61,90.85
20240807,28.15,5.01,90.23
20240808,27.45,7.94,92.82
20240809,28.1,13.83,90.51
20240810,28.76,13.24,89.31
20240811,28.75,7.51,90.23
20240812,28.57,17.78,91.01
20240813,28.98,12.09,89.1
20240814,28.86,9.12,89.52
20240815,28.77,3.0,89.18
20240816,27.96,18.84,89.95
20240817,27.58,13.31,91.79
20240818,27.09,24.36,94.23
20240819,27.43,48.34,93.83
20240820,28.27,41.5,92.33
20240821,27.96,85.01,95.05
20240822,27.63,50.4,94.75
20240823,27.15,6.82,94.31
20240824,27.46,7.65,91.82
20240825,26.91,22.95,92.61
20240826,26.64,6.55,93.17
20240827,27.94,1.37,89.98
20240828,28.49,2.16,85.07
20240829,29.15,1.29,84.83
20240830,28.2,3.87,90.1
20240831,27.59,11.14,93.24
20240901,28.11,11.47,89.1
20240902,28.63,7.89,86.02
20240903,27.46,40.49,93.01
20240904,28.26,3.2,89.26
20240905,28.04,12.01,91.48
20240906,29.22,6.87,82.84
20240907,29.0,12.16,86.47
20240908,29.38,4.35,86.01
20240909,28.76,4.99,89.56
20240910,28.69,3.6,92.3
20240911,28.87,5.79,89.0
20240912,30.06,6.92,83.79
20240913,29.21,16.01,89.78
20240914,27.04,18.29,94.33
20240915,25.83,55.76,92.96
20240916,27.46,12.43,90.03
20240917,28.68,7.62,85.93
20240918,29.38,0.34,84.22
20240919,29.41,0.97,88.35
20240920,30.42,1.77,85.02
20240921,29.39,9.91,88.46
20240922,29.88,2.06,83.8
20240923,29.56,2.87,87.25
20240924,27.76,11.3,92.14
20240925,26.62,57.65,95.26
20240926,26.33,31.79,93.86
20240927,26.99,13.51,89.3
20240928,28.04,3.09,89.07
20240929,28.56,12.17,90.2
20240930,28.81,6.25,89.97
20241001,28.88,9.8,89.23
20241002,28.79,15.72,86.94
20241003,27.56,43.09,92.88
20241004,27.37,48.78,92.27
20241005,27.29,55.65,93.07
20241006,27.31,13.36,89.24
20241007,27.66,6.31,86.77
20241008,27.58,8.5,87.75
20241009,27.43,5.23,87.73
20241010,26.93,5.92,90.88
20241011,27.43,9.9,90.96
20241012,27.87,30.24,87.32
20241013,27.56,2.1,84.77
20241014,26.55,0.0,83.21
20241015,26.56,0.05,82.42
20241016,27.02,0.65,80.83
20241017,26.84,4.76,85.41
20241018,26.81,4.24,87.38
20241019,27.31,5.27,82.46
20241020,26.06,0.55,84.88
20241021,26.02,0.0,81.92
20241022,27.06,13.46,84.66
20241023,26.3,143.66,92.15
20241024,25.39,12.66,92.87
20241025,26.16,3.64,91.01
20241026,26.96,4.44,88.34
20241027,27.14,0.14,80.88
20241028,26.32,0.0,85.62
20241029,27.08,0.03,80.28
20241030,27.38,1.08,81.36
20241031,27.83,1.47,83.47
20241101,26.7,4.61,88.22
20241102,25.05,0.01,81.79
20241103,24.85,0.0,79.46
20241104,24.92,0.02,82.29
20241105,25.66,4.63,81.67
20241106,24.39,6.94,88.43
20241107,23.9,2.9,86.14
20241108,23.46,0.0,83.07
20241109,23.79,0.0,83.36
20241110,23.98,0.0,80.71
20241111,23.6,0.0,82.93
20241112,23.5,0.0,81.73
20241113,22.03,0.0,80.09
20241114,22.04,0.0,85.1
20241115,21.89,0.0,84.88
20241116,21.86,0.0,81.77
20241117,21.2,0.0,75.77
20241118,21.27,0.0,74.28
20241119,21.59,0.0,73.76
20241120,21.07,0.0,71.69
20241121,20.95,0.0,70.59
20241122,21.07,0.0,66.26
20241123,21.56,0.0,71.7
20241124,20.01,0.0,83.74
20241125,19.98,0.0,82.26
20241126,20.21,0.0,78.37
20241127,20.06,0.0,79.06
20241128,20.32,0.0,81.62
20241129,21.63,0.0,82.18
20241130,21.52,0.09,80.05
20241201,20.14,1.35,78.43
20241202,19.74,0.01,80.77
20241203,19.35,0.0,81.38
20241204,18.56,0.0,83.03
20241205,19.1,0.0,77.13
20241206,17.76,0.0,79.78
20241207,17.52,0.0,72.38
20241208,17.54,0.0,72.32
20241209,16.79,0.0,81.35
20241210,17.85,0.0,83.05
20241211,16.09,0.0,83.64
20241212,15.63,0.0,85.51
20241213,16.35,0.0,82.92
20241214,16.54,0.0,79.19
20241215,16.13,0.0,75.91
20241216,17.41,0.0,70.01
20241217,18.42,0.0,77.47
20241218,18.21,0.01,74.36
20241219,18.19,0.0,74.75
20241220,17.7,0.0,76.16
20241221,17.03,0.12,83.67
20241222,16.75,0.13,82.03
20241223,17.73,0.02,70.46
20241224,17.62,0.0,71.34
20241225,17.76,0.0,69.31
20241226,18.38,0.0,76.03
20241227,18.58,0.0,73.25
20241228,19.38,0.0,67.64
20241229,19.0,0.0,74.22
20241230,19.13,0.0,76.78
20241231,17.54,0.0,80.71
20250101,16.62,0.0,84.31
20250102,16.92,0.0,82.37
20250103,17.27,0.0,80.8
20250104,18.3,0.0,81.64
20250105,19.84,0.0,80.11
20250106,20.98,0.0,72.34
20250107,20.06,0.0,78.98
20250108,17.76,0.0,78.19
20250109,15.59,0.0,72.6
20250110,15.89,0.0,72.75
20250111,17.86,0.0,66.71
20250112,19.74,0.0,59.13
20250113,19.41,0.0,62.78
20250114,17.91,0.0,71.8
20250115,17.69,0.0,72.49
20250116,19.36,0.0,64.96
20250117,18.8,0.0,70.33
20250118,18.28,0.0,74.11
20250119,17.26,0.0,72.11
20250120,17.07,0.0,71.56
20250121,17.59,0.0,69.81
20250122,18.17,0.0,72.42
20250123,17.9,0.0,72.79
20250124,17.94,0.0,67.13
20250125,17.92,0.0,68.84
20250126,17.0,0.0,67.16
20250127,17.83,0.0,72.38
20250128,18.39,0.0,69.58
20250129,18.56,0.0,59.05
20250130,19.41,3.87,69.04
20250131,21.73,0.31,80.85
20250201,21.18,0.08,71.95
20250202,19.72,0.0,70.24
20250203,19.95,0.0,65.83
20250204,19.47,0.0,62.75
20250205,20.58,0.0,59.75
20250206,21.3,0.0,67.61
20250207,20.06,0.0,52.08
20250208,18.48,0.0,46.05
20250209,18.09,0.0,51.34
20250210,20.0,0.0,48.13
20250211,20.42,0.0,66.75
20250212,22.25,0.0,68.72
20250213,23.11,0.05,70.64
20250214,20.81,0.06,48.85
20250215,19.82,0.0,44.37
20250216,21.27,0.0,43.08
20250217,22.52,0.0,57.52
20250218,24.21,0.0,59.59
20250219,23.92,0.0,55.54
20250220,24.03,0.02,55.0
20250221,23.97,0.0,54.51
20250222,25.09,0.01,52.61
20250223,23.51,4.39,62.28
20250224,23.25,0.0,59.84
20250225,22.97,0.0,49.52
20250226,22.33,0.0,50.68
20250227,22.85,0.0,53.55
20250228,24.06,0.0,50.2
20250301,25.16,0.0,50.65
20250302,26.57,0.0,59.45
20250303,26.28,0.0,59.16
20250304,25.18,0.0,40.53
20250305,24.05,0.0,45.5
20250306,23.53,0.0,36.36
20250307,22.27,0.0,39.17
20250308,23.73,0.01,41.68
20250309,24.48,0.2,57.52
20250310,25.05,0.41,47.12
20250311,26.81,0.0,45.67
20250312,27.05,0.0,44.91
20250313,27.89,0.09,61.16
20250314,28.53,0.72,62.55
20250315,28.93,0.4,65.51
20250316,29.75,0.75,60.02
20250317,29.71,0.65,57.34
20250318,29.4,0.58,52.05
20250319,29.01,0.1,50.99
20250320,28.95,0.06,54.15
20250321,25.29,0.29,58.38
20250322,24.14,0.17,62.47
20250323,25.54,0.15,54.0
20250324,25.93,0.0,48.92
20250325,26.55,0.0,43.83
20250326,28.14,0.0,38.65
20250327,29.01,0.0,47.11
20250328,29.95,0.0,54.19
20250329,30.3,0.0,54.59
20250330,29.89,0.0,58.17
20250331,30.07,0.12,54.69
20250401,29.71,0.74,60.57
20250402,29.9,0.76,53.7
20250403,29.84,1.19,51.06
20250404,30.87,0.0,42.08
20250405,30.62,0.0,48.68
20250406,31.1,0.49,53.7
20250407,30.82,3.29,51.93
20250408,28.32,5.23,66.13
20250409,30.29,0.0,54.44
20250410,30.28,0.01,50.42
20250411,29.03,7.68,58.34
20250412,29.59,1.15,59.46
20250413,27.83,3.53,63.99
20250414,27.47,2.41,65.63
20250415,28.93,3.2,57.94
20250416,28.91,8.42,61.49
20250417,27.28,19.18,73.96
20250418,27.64,11.01,73.5
20250419,28.49,3.94,72.3
20250420,29.21,8.8,73.21
20250421,29.74,25.72,79.34
20250422,30.24,16.46,76.59
20250423,31.22,4.39,71.94
20250424,31.24,4.89,72.04
20250425,30.6,4.76,73.1
20250426,30.79,0.3,71.07
20250427,30.04,5.06,70.13
20250428,28.68,6.24,73.11
20250429,27.05,13.45,75.48
20250430,27.81,8.66,70.18
20250501,28.46,2.81,65.58
20250502,28.09,7.39,67.44
20250503,28.61,1.2,64.76
20250504,28.77,2.86,72.06
20250505,29.21,1.5,70.36
20250506,29.81,2.59,67.66
20250507,29.95,0.49,65.36
20250508,31.61,2.88,63.75
20250509,32.17,0.15,59.25
20250510,33.07,0.13,57.52
20250511,32.91,2.14,59.97
20250512,30.44,18.02,70.83
20250513,30.1,17.5,74.6
20250514,31.23,4.8,71.79
20250515,30.18,14.89,77.43
20250516,30.49,14.9,76.06
20250517,29.46,25.63,81.19
20250518,28.95,15.51,80.25
20250519,29.28,11.95,80.26
20250520,29.27,28.3,84.63
20250521,28.48,29.12,88.13
20250522,28.82,25.24,81.14
20250523,27.99,5.81,85.2
20250524,28.65,6.33,83.65
20250525,28.51,10.49,85.4
20250526,28.29,17.98,87.49
20250527,29.23,4.85,82.01
20250528,27.86,15.33,91.09
20250529,27.66,81.11,92.84
20250530,28.1,58.23,91.26
20250531,28.51,51.88,93.64
20250601,28.84,40.46,90.49
20250602,29.37,28.24,88.96
20250603,28.52,24.83,89.31
20250604,27.52,30.25,91.95
20250605,28.53,23.09,84.68
20250606,29.19,18.65,83.13
20250607,29.87,13.97,77.74
20250608,30.15,0.3,76.54
20250609,30.42,4.02,77.31
20250610,29.98,13.08,84.68
20250611,29.12,12.2,85.59
20250612,28.91,17.9,88.44
20250613,29.76,3.12,85.18
20250614,28.41,5.81,90.89
20250615,28.43,3.85,90.58
20250616,28.29,9.76,91.31
20250617,28.04,23.4,90.78
20250618,27.93,16.64,92.16
20250619,28.07,13.08,90.11
20250620,28.89,12.97,89.42
20250621,28.71,7.02,90.21
20250622,28.33,4.42,89.87
20250623,28.26,12.35,90.36
20250624,28.64,2.91,89.35
20250625,28.04,12.17,92.16
20250626,28.17,8.33,90.78
20250627,28.57,5.08,88.58
20250628,28.0,2.22,89.53
20250629,28.08,2.6,89.94
20250630,28.24,5.49,91.62
20250701,28.55,4.63,88.97
20250702,28.59,5.85,89.8
20250703,28.76,3.77,88.97
20250704,28.03,17.84,92.7
20250705,27.92,9.84,91.3
20250706,27.59,8.53,91.54
20250707,27.72,13.95,89.71
20250708,27.2,43.02,91.55
20250709,27.19,49.55,92.98
20250710,27.16,34.31,91.93
20250711,28.26,18.09,89.51
20250712,28.64,7.88,87.84
20250713,29.06,8.82,86.14
20250714,27.38,24.31,93.14
20250715,28.05,14.26,91.46
20250716,28.27,32.75,90.29
20250717,28.21,22.66,89.34
20250718,28.89,6.09,87.54
20250719,28.58,1.43,89.31
20250720,28.96,15.01,87.19
20250721,29.5,7.45,85.17
20250722,29.03,7.46,89.51
20250723,30.27,19.01,83.82
20250724,29.27,25.82,90.52
20250725,28.64,11.42,90.9
20250726,28.84,18.37,90.61
20250727,28.85,18.78,90.33
20250728,28.69,25.36,90.51
20250729,28.31,17.53,90.34
20250730,28.12,14.29,90.41
20250731,27.64,23.99,92.34
20250801,28.68,17.19,90.37
20250802,28.25,10.74,93.37
20250803,28.24,23.85,92.36
20250804,28.07,51.55,93.69
20250805,28.15,21.05,89.46
20250806,28.02,19.62,89.64
20250807,27.95,20.82,91.31
20250808,26.59,20.42,93.13
20250809,27.65,18.05,89.9
20250810,28.39,12.13,89.36
20250811,28.73,0.87,88.71
20250812,28.93,0.66,87.56
20250813,27.34,25.97,91.17
20250814,27.65,12.16,90.45
20250815,28.13,9.54,88.15
20250816,28.7,15.78,85.6
20250817,28.27,11.35,89.85
20250818,28.35,12.66,90.1
20250819,27.89,11.85,91.24
20250820,27.94,11.03,91.34
20250821,27.89,7.18,91.64
20250822,27.26,14.09,93.11
20250823,27.63,9.8,91.51
20250824,27.79,7.73,90.17
20250825,27.96,6.19,89.13
20250826,28.01,7.39,88.04
20250827,27.77,5.49,90.3
20250828,27.93,7.69,90.31
20250829,27.81,11.06,90.2
20250830,28.32,6.81,87.01
20250831,28.5,13.93,86.31
20250901,29.07,11.65,86.74
20250902,28.82,17.37,88.1
20250903,28.52,2.98,87.27
20250904,27.77,6.69,91.23
20250905,28.08,1.46,87.95
20250906,28.53,8.68,86.78
20250907,28.18,17.79,89.65
20250908,28.4,8.18,86.19
20250909,28.49,11.38,87.63
20250910,27.97,3.99,91.26
20250911,28.45,3.19,88.99
20250912,27.83,17.99,90.8
20250913,27.69,15.31,91.0
20250914,26.95,24.16,93.37
20250915,27.09,30.84,90.44
20250916,27.0,23.6,90.49
20250917,27.5,1.67,88.74
20250918,27.98,9.32,88.97
20250919,29.03,7.0,87.66
20250920,27.6,2.09,92.89
20250921,27.77,7.87,90.81
20250922,27.47,47.92,91.61
20250923,27.81,3.39,90.12
20250924,27.3,4.73,90.4
20250925,27.9,10.91,88.39
20250926,28.41,5.75,89.32
20250927,28.11,4.76,88.92
20250928,28.06,7.71,86.52
20250929,28.34,2.74,86.47
20250930,28.85,13.98,85.75
20251001,27.56,40.63,93.3
20251002,27.2,19.72,94.67
20251003,27.06,12.0,94.09
20251004,27.48,8.93,92.32
20251005,27.25,7.24,92.85
20251006,26.74,27.31,90.0
20251007,27.44,6.88,84.02
20251008,27.51,36.46,85.56
20251009,27.08,20.21,85.83
20251010,27.13,7.28,83.56
20251011,27.19,16.46,82.85
20251012,26.27,0.78,84.91
20251013,25.73,0.26,85.68
20251014,25.73,0.01,85.97
20251015,25.48,0.0,83.41
20251016,26.22,0.14,84.64
20251017,26.73,0.28,85.06
20251018,26.89,0.17,84.32
20251019,26.35,0.03,83.3
20251020,26.04,0.01,83.65
20251021,26.03,0.0,80.08
20251022,26.76,0.0,78.59
20251023,26.73,0.02,81.12
20251024,26.1,0.02,80.45
20251025,26.23,0.0,78.32
20251026,26.01,0.01,79.39
20251027,26.21,0.0,79.22
20251028,27.38,0.01,71.87
20251029,27.34,3.32,76.23
20251030,27.96,22.89,76.66
20251031,28.26,5.82,79.4
20251101,27.1,16.72,89.37
20251102,26.22,40.83,90.54
20251103,24.64,1.21,88.32
20251104,24.74,0.5,86.11
20251105,24.88,2.76,89.05
20251106,25.62,3.54,86.33
20251107,24.39,0.01,86.78
20251108,23.17,0.0,87.05
20251109,22.1,0.0,87.03
20251110,22.21,0.0,87.26
20251111,20.77,0.0,85.23
20251112,19.93,0.0,80.96
20251113,20.25,0.0,79.08
20251114,20.99,0.0,75.51
20251115,20.66,0.0,76.47
20251116,20.75,0.0,74.23
20251117,21.55,0.0,75.93
20251118,21.55,0.0,81.45
20251119,21.06,0.0,74.88
20251120,20.65,0.0,75.32
20251121,20.58,0.0,71.51
20251122,20.08,0.0,77.61
20251123,19.67,0.0,79.76
20251124,18.54,0.0,84.39
20251125,19.07,0.0,82.27
20251126,19.83,0.0,77.22
20251127,20.56,0.0,76.49
20251128,20.26,0.0,77.24
20251129,20.17,0.0,67.48
20251130,19.71,0.0,78.55
20251201,19.01,0.0,87.5
20251202,18.78,0.0,81.55
20251203,17.97,0.0,81.31
20251204,18.38,0.0,83.85
20251205,18.27,0.0,83.42
20251206,17.77,0.0,79.87
20251207,17.81,0.0,81.15
20251208,18.06,0.0,81.31
20251209,19.12,0.0,74.18
20251210,19.05,0.0,74.55
20251211,18.28,0.0,75.86
20251212,18.98,0.0,70.02
20251213,19.26,0.0,72.93
20251214,19.44,0.0,74.68
20251215,19.1,0.0,75.89
20251216,18.85,0.0,76.88
20251217,18.57,0.0,76.18
20251218,19.71,0.0,75.02
20251219,19.52,0.0,76.55
20251220,18.48,0.0,79.96
20251221,18.11,0.0,79.98
20251222,18.03,0.0,79.04
20251223,17.63,0.0,82.27
20251224,16.8,0.0,82.51
20251225,16.0,0.0,78.92
20251226,16.13,0.0,75.93
20251227,16.34,0.0,77.51
20251228,15.79,0.0,82.24
20251229,15.01,0.0,84.22
20251230,13.9,0.21,86.43
20251231,14.1,0.24,82.71
